WI,Adams
WI,Ashland
WI,Barron
WI,Bayfield
WI,Brown
WI,Buffalo
WI,Burnett
WI,Calumet
WI,Chippewa
WI,Clark
WI,Columbia
WI,Crawford
WI,Dane
WI,Dodge
WI,Door
WI,Douglas
WI,Dunn
WI,Eau Claire
WI,Florence
WI,Fond Du Lac
WI,Forest
WI,Grant
WI,Green
WI,Green Lake
WI,Iowa
WI,Iron
WI,Jackson
WI,Jefferson
WI,Juneau
WI,Kenosha
WI,Kewaunee
WI,La Crosse
WI,Lafayette
WI,Langlade
WI,Lincoln
WI,Manitowoc
WI,Marathon
WI,Marinette
WI,Marquette
WI,Menominee
WI,Milwaukee
WI,Monroe
WI,Oconto
WI,Oneida
WI,Outagamie
WI,Ozaukee
WI,Pepin
WI,Pierce
WI,Polk
WI,Portage
WI,Price
WI,Racine
WI,Richland
WI,Rock
WI,Rusk
WI,St Croix
WI,Sauk
WI,Sawyer
WI,Shawano
WI,Sheboygan
WI,Taylor
WI,Trempealeau
WI,Vernon
WI,Vilas
WI,Walworth
WI,Washburn
WI,Washington
WI,Waukesha
WI,Waupaca
WI,Waushara
WI,Winnebago
WI,Wood
